{
  "movies": [{
    "title"           : "Inside Out",
    "episode_number"  : "1",
    "main_characters" : ["Fear", "Disgust", "Anger", "Sadness", "Joy", "Guilt", "Bing Bong", "Shame", "Riley Andersen"],
    "description"     : "When 11-year-old Riley moves to a new city, her Emotions team up to help her through the transition.Joy, Fear, Anger, Disgust and Sadness work together, but when Joy and Sadness get lost, they must journey through unfamiliar places to get back home.",
    "poster" : "insideout.jpg",
    "hero_image" : "insideout_bg.jpg"
  },

  {
    "title" : "Lion King",
    "episode_number" : "2",
    "main_characters" : ["Obi-Wan Kenobi", "Anakin Skywalker", "Count Dooku", "Padmé Amidala", "Mace Windu", "Yoda", "Jango Fett", "Supreme Chancellor Palpatine"],
    "description" : "Ten years after the 'Phantom Menace' threatened the planet Naboo, Padmé Amidala is now a Senator representing her homeworld. A faction of political separatists, led by Count Dooku, attempts to assassinate her. There are not enough Jedi to defend the Republic against the threat, so Chancellor Palpatine enlists the aid of Jango Fett, who promises that his army of clones will handle the situation. Meanwhile, Obi-Wan Kenobi continues to train the young Jedi Anakin Skywalker, who fears that the Jedi code will forbid his growing romance with Amidala.",
    "poster" : "LionKing.jpg",
    "hero_image" : "LionKing_bg.jpg"
  },

  {
    "title" : "Home",
    "episode_number" : "3",
    "main_characters" : ["Obi-Wan Kenobi", "Anakin Skywalker", "Count Dooku", "Padmé Amidala", "Mace Windu", "Yoda", "C-3PO", "Supreme Chancellor Palpatine"],
    "description" : "Three years after the onset of the Clone Wars; the noble Jedi Knights are spread out across the galaxy leading a massive clone army in the war against the Separatists. After Chancellor Palpatine is kidnapped, Jedi Master Obi-Wan Kenobi and his former Padawan, Anakin Skywalker, are dispatched to eliminate the evil General Grievous. Meanwhile, Anakin's friendship with the Chancellor arouses suspicion in the Jedi Order, and dangerous to the Jedi Knight himself. When the sinister Sith Lord, Darth Sidious, unveils a plot to take over the galaxy, the fate of Anakin, the Jedi order, and the entire galaxy is at stake. Upon his return, Anakin Skywalker's wife Padme Amidala is pregnant, but he is having visions of her dying in childbirth. Anakin Skywalker ultimately turns his back on the Jedi, thus completing his journey to the dark side and his transformation into Darth Vader. Obi-Wan Kenobi must face his former apprentice in a ferocious lightsaber duel on the fiery world of Mustafar.",
    "poster" : "home_poster.jpg",
    "hero_image" : "home_bg.jpg"
  },

  {
    "title" : "Monter Aliens",
    "episode_number" : "4",
    "main_characters" : ["Luke Skywalker", "Han Solo", "Princess Leia Organa", "Ben Kenobi", "Darth Vader", "C-3P0", "R2-D2", "Chewbacca"],
    "description" : "Part IV in George Lucas' epic, Star Wars: A New Hope opens with a Rebel ship being boarded by the tyrannical Darth Vader. The plot then follows the life of a simple farm boy, Luke Skywalker, as he and his newly met allies (Han Solo, Chewbacca, Obi-Wan Kenobi, C-3PO, R2-D2) attempt to rescue a Rebel leader, Princess Leia, from the clutches of the Empire. The conclusion is culminated as the Rebels, including Skywalker and flying ace Wedge Antilles make an attack on the Empire's most powerful and ominous weapon, the Death Star.",
    "poster" : "monster_poster.jpg",
    "hero_image" : "monster_bg.jpg"
  },

  {
    "title" : "Astro Boy",
    "episode_number" : "5",
    "main_characters" : ["Luke Skywalker", "Han Solo", "Princess Leia Organa", "Darth Vader", "C-3P0", "R2-D2", "Chewbacca", "Lando Calrissian", "Boba Fett"],
    "description" : "Fleeing the evil Galactic Empire, the Rebels abandon their new base in an assault with the Imperial AT-AT walkers on the ice world of Hoth. Princess Leia, Han Solo, Chewbacca and the droid C-3PO escape in the Millennium Falcon, but are later captured by Darth Vader on Bespin. Meanwhile, Luke Skywalker and the droid R2-D2 follows Obi-Wan Kenobi's posthumous command, and receives Jedi training from Master Yoda on the swamp world of Dagobah. Will Skywalker manage to rescue his friends from the Dark Lord?",
    "poster" : "astroboy_poster.jpg",
    "hero_image" : "astroboy_bg.jpg"
  },

  {
    "title" : "Storks ",
    "episode_number" : "6",
    "main_characters" : ["Luke Skywalker", "Han Solo", "Princess Leia Organa", "Darth Vader", "C-3P0", "Chewbacca", "The Emperor", "Boba Fett"],
    "description" : "Darth Vader and the Empire are building a new, indestructible Death Star. Meanwhile, Han Solo has been imprisoned, and Luke Skywalker has sent R2-D2 and C-3PO to try and free him. Princess Leia - disguised as a bounty hunter - and Chewbacca go along as well. The final battle takes place on the moon of Endor, with its natural inhabitants, the Ewoks, lending a hand to the Rebels. Will Darth Vader and the Dark Side overcome the Rebels and take over the universe?",
    "poster" : "storks_poster.jpg",
    "hero_image" : "stork_bg.jpg"
  }]

}